region,circunscripcion_provincial,nombre,partido,votos
REGIÓN DE ARICA Y PARINACOTA,ARICA,CARLOS JORGE OJEDA MURILLO,PH,1302
REGIÓN DE ARICA Y PARINACOTA,ARICA,MARIA JOSE VICTORIANO CAUTIVO,PCCH,1575
REGIÓN DE ARICA Y PARINACOTA,ARICA,CRISTIAN GODOFREDO VILLANUEVA ROSALES,IND,2116
REGIÓN DE ARICA Y PARINACOTA,ARICA,SOFIA CLAVIJO MEDALLA,RN,2047
REGIÓN DE ARICA Y PARINACOTA,ARICA,OSCAR PANTOJA RIVERA,PL,1880
REGIÓN DE ARICA Y PARINACOTA,ARICA,DENISSE ANDREA MORALES FLORES,IND,2294
REGIÓN DE ARICA Y PARINACOTA,ARICA,MARCELO EMMANUEL GONZALEZ OLIVARES,PDC,1931
REGIÓN DE ARICA Y PARINACOTA,ARICA,NINO SEGUNDO ESTAY ESPINOZA,DEMOCRATAS,964
REGIÓN DE ARICA Y PARINACOTA,ARICA,IGNACIO ALFREDO GOMEZ GUTIERREZ,REPUBLICANO,4242
REGIÓN DE ARICA Y PARINACOTA,ARICA,ROMINA CECILIA CIFUENTES GONZALEZ,REPUBLICANO,4472
REGIÓN DE ARICA Y PARINACOTA,ARICA,LIN-KIU ODILA LY FUMEY,REPUBLICANO,2594
REGIÓN DE ARICA Y PARINACOTA,PARINACOTA,LORENA VENTURA VASQUEZ,RN,458
REGIÓN DE ARICA Y PARINACOTA,PARINACOTA,DANIEL ALEXIS LINARES ZEGARRA,IND,418
REGIÓN DE ARICA Y PARINACOTA,PARINACOTA,HERMES GOMEZ GALLARDO,IND,408
REGIÓN DE TARAPACÁ,IQUIQUE,OCTAVIO LOPEZ AVALOS,AH,2160
REGIÓN DE TARAPACÁ,IQUIQUE,GIOVANNA TRINCADO AVILES,RN,4707
REGIÓN DE TARAPACÁ,IQUIQUE,NESTOR JOFRE NUÑEZ,RN,3984
REGIÓN DE TARAPACÁ,IQUIQUE,SERGIO ASSERELLA ALVARADO,PR,1514
REGIÓN DE TARAPACÁ,IQUIQUE,LAUTARO ENRIQUE LOBOS LARA,IND,1969
REGIÓN DE TARAPACÁ,IQUIQUE,LUIS DOMINGO MILLA RAMIREZ,PDG,3876
REGIÓN DE TARAPACÁ,IQUIQUE,ANALLY PATRICIA FERREIRA HERRERA,PDC,3096
REGIÓN DE TARAPACÁ,IQUIQUE,FRANCISCO LINCHEO TORREJON,IND,1502
REGIÓN DE TARAPACÁ,IQUIQUE,MAURICIO SCHMIDT SILVA,UDI,1407
REGIÓN DE TARAPACÁ,IQUIQUE,LORENA ANDREA RAMIREZ PALMA,REPUBLICANO,6284
REGIÓN DE TARAPACÁ,IQUIQUE,JORGE MARIANO MUÑOZ GONZALEZ,REPUBLICANO,3601
REGIÓN DE TARAPACÁ,TAMARUGAL,EDUARDO MAMANI MAMANI,RN,2090
REGIÓN DE TARAPACÁ,TAMARUGAL,HUGO NICOLAS ESTICA ESTEBAN,IND,2791
REGIÓN DE TARAPACÁ,TAMARUGAL,LUCERO ISABEL CALLPA FLORES,IND,1782
REGIÓN DE ANTOFAGASTA,ANTOFAGASTA,VICTOR EDUARDO GUZMAN ROJAS,PCCH,9295
REGIÓN DE ANTOFAGASTA,ANTOFAGASTA,DUZANKA FLORES ROJAS,PSC,3155
REGIÓN DE ANTOFAGASTA,ANTOFAGASTA,ANDREA MERINO DIAZ,PS,6460
REGIÓN DE ANTOFAGASTA,ANTOFAGASTA,PAULA CELIS SIERRALTA,PDG,6827
REGIÓN DE ANTOFAGASTA,ANTOFAGASTA,PAULA VALERIA ORELLANA URIBE,FA,3882
REGIÓN DE ANTOFAGASTA,ANTOFAGASTA,GONZALO SANTOLAYA GOICOVIC,UDI,6702
REGIÓN DE ANTOFAGASTA,ANTOFAGASTA,YASNA CELIA MENESES GONZALEZ,REPUBLICANO,11425
REGIÓN DE ANTOFAGASTA,ANTOFAGASTA,ALEJANDRO RODRIGO CIFUENTES MANCILLA,REPUBLICANO,6051
REGIÓN DE ANTOFAGASTA,EL LOA,DINKA SOLANGE LOPEZ DURAN,FREVS,5717
REGIÓN DE ANTOFAGASTA,EL LOA,LUIS PAYERO CRUZ,PS,2465
REGIÓN DE ANTOFAGASTA,EL LOA,JORGE EDUARDO BERNA MENDOZA,PDG,2802
REGIÓN DE ANTOFAGASTA,EL LOA,SANDRA BERNA MARTINEZ,PDC,8208
REGIÓN DE ANTOFAGASTA,EL LOA,EMILIO NIKITAS MAVRAKIS ASSAD,REPUBLICANO,10400
REGIÓN DE ANTOFAGASTA,TOCOPILLA,HUMBERTO PABLO FUENTES LAGOS,IND,2084
REGIÓN DE ANTOFAGASTA,TOCOPILLA,GUSTAVO HECTOR CARRASCO ORTIZ,IND,1586
REGIÓN DE ANTOFAGASTA,TOCOPILLA,PATRICIO TAPIA JULIO,IND,2416
REGIÓN DE ATACAMA,CHAÑARAL,MANUEL HUGO REYES CUELLO,PCCH,1690
REGIÓN DE ATACAMA,CHAÑARAL,FREDDY RUBINA ARACENA,IND,1880
REGIÓN DE ATACAMA,COPIAPO,FELIPE ALBERTO FUENTES ZUMARAN,IND,2182
REGIÓN DE ATACAMA,COPIAPO,FERNANDO GHIGLINO PIZARRO,RN,2581
REGIÓN DE ATACAMA,COPIAPO,EMILIO CRISTIAN BIANCHI CAÑAS,IND,4998
REGIÓN DE ATACAMA,COPIAPO,PATRICIO SERGIO ALFARO MORALES,FREVS,4462
REGIÓN DE ATACAMA,COPIAPO,FRANCISCO CORTEZ PALLAUTA,FREVS,6615
REGIÓN DE ATACAMA,COPIAPO,HUGO ALEJANDRO BUGUEÑO ROJAS,IND,3046
REGIÓN DE ATACAMA,COPIAPO,YERKO NAJIB RAVLIC ELAL,FA,2070
REGIÓN DE ATACAMA,COPIAPO,MIGUEL ANGEL SAN MARTIN SALGADO,REPUBLICANO,3357
REGIÓN DE ATACAMA,HUASCO,JORGE NELSON TORRES TORRES,IND,3104
REGIÓN DE ATACAMA,HUASCO,FABIOLA DEL CARMEN PEREZ TAPIA,FREVS,4943
REGIÓN DE ATACAMA,HUASCO,JUAN HORACIO SANTANA ALVAREZ,PS,9077
REGIÓN DE ATACAMA,HUASCO,IGOR VERDUGO HERRERA,PS,2334
REGIÓN DE COQUIMBO,CHOAPA,ANGEL GONZALEZ AGUILERA,IND,5317
REGIÓN DE COQUIMBO,CHOAPA,JUAN MANUEL BARRAZA ASTORGA,PPD,4900
REGIÓN DE COQUIMBO,CHOAPA,DENIS ENRIQUE CORTES VARGAS,IND,12813
REGIÓN DE COQUIMBO,CHOAPA,JUAN JALET HISI ESPINOZA,IND,1802
REGIÓN DE COQUIMBO,ELQUI,VALERIA PATRICIA CHACANA ALARCON,PCCH,13539
REGIÓN DE COQUIMBO,ELQUI,MARIA CRISTINA CONCHA WAGENKNECHT,RN,8526
REGIÓN DE COQUIMBO,ELQUI,PEDRO VALENCIA CORTES,PS,7106
REGIÓN DE COQUIMBO,ELQUI,LOMBARDO VLADIMIR TOLEDO ESCORZA,PDC,10969
REGIÓN DE COQUIMBO,ELQUI,XIMENA DEL PILAR AMPUERO GARCIA,FA,8894
REGIÓN DE COQUIMBO,ELQUI,PAOLA DEL CARMEN CORTES VEGA,UDI,9454
REGIÓN DE COQUIMBO,ELQUI,FRANCISCO JAVIER CORRAL MACIAS,REPUBLICANO,18313
REGIÓN DE COQUIMBO,ELQUI,BELEN AUGER JULIEN,REPUBLICANO,8251
REGIÓN DE COQUIMBO,LIMARI,TATIANA ALEJANDRA CORTES SEGOVIA,PCCH,5535
REGIÓN DE COQUIMBO,LIMARI,MAX AGUIRRE ROJAS,RN,2764
REGIÓN DE COQUIMBO,LIMARI,CARLOS RAMOS GARCIA,PS,7500
REGIÓN DE COQUIMBO,LIMARI,BERNARDO ANTONIO CHAVEZ ARAYA,REPUBLICANO,3880
REGIÓN DE VALPARAÍSO,ISLA DE PASCUA,FRANCISCO HAOA HOTUS,IND,870
REGIÓN DE VALPARAÍSO,ISLA DE PASCUA,SABRINA TUKI PONT,IND,1371
REGIÓN DE VALPARAÍSO,LOS ANDES,EDITH QUIROZ ORTIZ,RN,17239
REGIÓN DE VALPARAÍSO,LOS ANDES,MARIA VICTORIA RODRIGUEZ HERRERA,IND,14237
REGIÓN DE VALPARAÍSO,MARGA MARGA,EMMANUEL OLFOS VARGAS,IND,11713
REGIÓN DE VALPARAÍSO,MARGA MARGA,MARIA ELENA RUBILAR MUÑOZ,FA,11320
REGIÓN DE VALPARAÍSO,MARGA MARGA,ELSA BUENO CORTES,REPUBLICANO,20038
REGIÓN DE VALPARAÍSO,MARGA MARGA,CRISTIAN HUMBERTO FUENTES DUQUE,REPUBLICANO,16030
REGIÓN DE VALPARAÍSO,PETORCA,JUAN IBACACHE IBACACHE,RN,9590
REGIÓN DE VALPARAÍSO,PETORCA,CRISTIAN PINILLA IBACACHE,REPUBLICANO,7558
REGIÓN DE VALPARAÍSO,QUILLOTA,GISELLE MAKARENA AHUMADA ESPINA,IND,7927
REGIÓN DE VALPARAÍSO,QUILLOTA,LAUTARO CORREA CASTILLO,PS,12433
REGIÓN DE VALPARAÍSO,QUILLOTA,FELIPE CORDOBA ARAYA,REPUBLICANO,9257
REGIÓN DE VALPARAÍSO,SAN ANTONIO,PAOLA ZAMORANO ARRATIA,RN,8550
REGIÓN DE VALPARAÍSO,SAN ANTONIO,ROMY JESUS FARIAS CABALLERO,PDC,13329
REGIÓN DE VALPARAÍSO,SAN ANTONIO,MAURICIO ALEJANDRO LOPEZ CASTILLO,REPUBLICANO,14507
REGIÓN DE VALPARAÍSO,SAN FELIPE,RODOLFO SILVA GONZALEZ,IND,15021
REGIÓN DE VALPARAÍSO,SAN FELIPE,MARICEL ALEJANDRA MARTINEZ VICENCIO,PPD,7478
REGIÓN DE VALPARAÍSO,SAN FELIPE,FERNANDO ASTORGA TERRAZA,REPUBLICANO,14277
REGIÓN DE VALPARAÍSO,VALPARAISO I,MARCELA ALICIA VARAS FUENTES,PPD,11750
REGIÓN DE VALPARAÍSO,VALPARAISO I,TANIA ESTEFANIA VALENZUELA ROSSI,FA,19632
REGIÓN DE VALPARAÍSO,VALPARAISO I,OSVALDO URRUTIA SOTO,UDI,19134
REGIÓN DE VALPARAÍSO,VALPARAISO I,JAVIER IGNACIO VENEGAS MUÑOZ,REPUBLICANO,17432
REGIÓN DE VALPARAÍSO,VALPARAISO I,CATALINA MARIA THAUBY KREBS,REPUBLICANO,15837
REGIÓN DE VALPARAÍSO,VALPARAISO II,OMAR GABRIEL VALDIVIA ALVAREZ,PPD,6552
REGIÓN DE VALPARAÍSO,VALPARAISO II,PAULA ROSSO MONTENEGRO,FA,9826
REGIÓN DE VALPARAÍSO,VALPARAISO II,JOSE LUIS MIRANDA MUÑOZ,REPUBLICANO,13014
REGIÓN DE VALPARAÍSO,VALPARAISO II,PAULINA YAÑEZ GULA,REPUBLICANO,15111
REGIÓN METROPOLITANA DE SANTIAGO,CHACABUCO,PEDRO PABLO HERREROS BEJARES,UDI,10791
REGIÓN METROPOLITANA DE SANTIAGO,CHACABUCO,CARLOS TELLERIA GUTIERREZ,REPUBLICANO,16902
REGIÓN METROPOLITANA DE SANTIAGO,CORDILLERA,VALERIA ISIDORA ORTEGA CONTRERAS,IND,25374
REGIÓN METROPOLITANA DE SANTIAGO,CORDILLERA,JOSE PABLO SOTO MADRID,RN,22440
REGIÓN METROPOLITANA DE SANTIAGO,CORDILLERA,EDITH MYRIAM AEDO MEZA,REPUBLICANO,22333
REGIÓN METROPOLITANA DE SANTIAGO,MAIPO,SADI MELO MOYA,PS,20422
REGIÓN METROPOLITANA DE SANTIAGO,MAIPO,NICOLE AGUILERA RAMIREZ,UDI,11950
REGIÓN METROPOLITANA DE SANTIAGO,MAIPO,VICTOR MANUEL VALDES LANDEROS,REPUBLICANO,23178
REGIÓN METROPOLITANA DE SANTIAGO,MELIPILLA,CRISTINA ALEJANDRA SOTO MESSINA,PPD,11875
REGIÓN METROPOLITANA DE SANTIAGO,MELIPILLA,JAVIER RAMIREZ GONZALEZ,UDI,19738
REGIÓN METROPOLITANA DE SANTIAGO,SANTIAGO I,BEATRIZ DEL PILAR ALBORNOZ SOTO,PCCH,31004
REGIÓN METROPOLITANA DE SANTIAGO,SANTIAGO I,NEBBIA OTAROLA LEON,RN,17791
REGIÓN METROPOLITANA DE SANTIAGO,SANTIAGO I,GABRIELA INES GALLARDO FUENTES,REPUBLICANO,38909
REGIÓN METROPOLITANA DE SANTIAGO,SANTIAGO II,MARIA EUGENIA PUELMA ALFARO,PCCH,40121
REGIÓN METROPOLITANA DE SANTIAGO,SANTIAGO II,FELIPE OBAL DURAN,RN,41930
REGIÓN METROPOLITANA DE SANTIAGO,SANTIAGO II,DIOSCORO ROJAS CAMPOS,PS,24408
REGIÓN METROPOLITANA DE SANTIAGO,SANTIAGO II,SONJA DEL RIO BECKER,REPUBLICANO,41077
REGIÓN METROPOLITANA DE SANTIAGO,SANTIAGO III,NICOLAS EDUARDO JARA LIRA,FA,44450
REGIÓN METROPOLITANA DE SANTIAGO,SANTIAGO III,LESLIE SUSANA VENEGAS VENEGAS,FA,20175
REGIÓN METROPOLITANA DE SANTIAGO,SANTIAGO III,ALFREDO MAURICIO VERGARA CATALAN,REPUBLICANO,57636
REGIÓN METROPOLITANA DE SANTIAGO,SANTIAGO IV,KARIN LUCK URBAN,RN,48225
REGIÓN METROPOLITANA DE SANTIAGO,SANTIAGO IV,XIMENA BEATRIZ MILAGROS PERALTA FIERRO,FA,48375
REGIÓN METROPOLITANA DE SANTIAGO,SANTIAGO IV,ALVARO BELLOLIO AVARIA,UDI,82097
REGIÓN METROPOLITANA DE SANTIAGO,SANTIAGO IV,IGNACIO DULGER CASTILLO,REPUBLICANO,60493
REGIÓN METROPOLITANA DE SANTIAGO,SANTIAGO V,DANAE NATALIA PRADO CARMONA,PCCH,42794
REGIÓN METROPOLITANA DE SANTIAGO,SANTIAGO V,MARCELO ZUNINO POBLETE,RN,35713
REGIÓN METROPOLITANA DE SANTIAGO,SANTIAGO V,RODRIGO DONOSO BAEZA,REPUBLICANO,42573
REGIÓN METROPOLITANA DE SANTIAGO,SANTIAGO V,SERGIO ANDRES MORALES MENDEZ,IND,32935
REGIÓN METROPOLITANA DE SANTIAGO,SANTIAGO VI,CLAUDINA DEL CARMEN NUÑEZ JIMENEZ,PCCH,43044
REGIÓN METROPOLITANA DE SANTIAGO,SANTIAGO VI,VALERIA PONTI RISSETTI,RN,31586
REGIÓN METROPOLITANA DE SANTIAGO,SANTIAGO VI,CAROLINA OTEIZA FUENZALIDA,PS,30809
REGIÓN METROPOLITANA DE SANTIAGO,SANTIAGO VI,FELIPE ANDRES SEREY GUERRA,REPUBLICANO,35566
REGIÓN METROPOLITANA DE SANTIAGO,TALAGANTE,MARICEL DONOSO DORIA,PS,18192
REGIÓN METROPOLITANA DE SANTIAGO,TALAGANTE,JAIME GONZALEZ KAZAZIAN,REPUBLICANO,25110
REGIÓN DEL LIBERTADOR GENERAL BERNARDO O'HIGGINS,CACHAPOAL I,MAURICIO VALDERRAMA ALVAREZ,PS,4204
REGIÓN DEL LIBERTADOR GENERAL BERNARDO O'HIGGINS,CACHAPOAL I,GERMAN ALBERTO ARENAS SAEZ,FA,6294
REGIÓN DEL LIBERTADOR GENERAL BERNARDO O'HIGGINS,CACHAPOAL I,PEDRO HERNANDEZ GARRIDO,UDI,6827
REGIÓN DEL LIBERTADOR GENERAL BERNARDO O'HIGGINS,CACHAPOAL I,JUAN CARLOS MACKAY JARPA,REPUBLICANO,14012
REGIÓN DEL LIBERTADOR GENERAL BERNARDO O'HIGGINS,CACHAPOAL I,CLAUDIO ALBERTO SCHMINCKE MARTINEZ,REPUBLICANO,5215
REGIÓN DEL LIBERTADOR GENERAL BERNARDO O'HIGGINS,CACHAPOAL II,LUCIA MUÑOZ SANDOVAL,RN,6870
REGIÓN DEL LIBERTADOR GENERAL BERNARDO O'HIGGINS,CACHAPOAL II,ALEX RAMIREZ ORTIZ,IND,8223
REGIÓN DEL LIBERTADOR GENERAL BERNARDO O'HIGGINS,CACHAPOAL II,JACQUELINE ANDREA JORQUERA REINOSO,PS,9300
REGIÓN DEL LIBERTADOR GENERAL BERNARDO O'HIGGINS,CACHAPOAL II,MIGUEL ANGEL RIVEROS LANDAETA,PDC,4774
REGIÓN DEL LIBERTADOR GENERAL BERNARDO O'HIGGINS,CACHAPOAL II,ROSA DEL CARMEN ZACCONI QUIROZ,DEMOCRATAS,7999
REGIÓN DEL LIBERTADOR GENERAL BERNARDO O'HIGGINS,CACHAPOAL II,DEYSI NAVARRO PADILLA,IND,8057
REGIÓN DEL LIBERTADOR GENERAL BERNARDO O'HIGGINS,CACHAPOAL II,PEDRO JOSE BUSTAMANTE DONOSO,REPUBLICANO,15850
REGIÓN DEL LIBERTADOR GENERAL BERNARDO O'HIGGINS,CACHAPOAL II,MANUEL ANTONIO MORALES BURGOS,REPUBLICANO,6121
REGIÓN DEL LIBERTADOR GENERAL BERNARDO O'HIGGINS,CARDENAL CARO,JORGE VARGAS GONZALEZ,UDI,12227
REGIÓN DEL LIBERTADOR GENERAL BERNARDO O'HIGGINS,CARDENAL CARO,JOSE IGNACIO GONZALEZ PINO,UDI,5802
REGIÓN DEL LIBERTADOR GENERAL BERNARDO O'HIGGINS,COLCHAGUA,GERARDO CONTRERAS JORQUERA,RN,10909
REGIÓN DEL LIBERTADOR GENERAL BERNARDO O'HIGGINS,COLCHAGUA,ALEJANDRO DIAZ CORREA,IND,3690
REGIÓN DEL LIBERTADOR GENERAL BERNARDO O'HIGGINS,COLCHAGUA,MARIA MARGARITA HENRIQUEZ GONZALEZ,PS,9493
REGIÓN DEL LIBERTADOR GENERAL BERNARDO O'HIGGINS,COLCHAGUA,SEBASTIAN ROCHA MEDINA,UDI,6749
REGIÓN DEL LIBERTADOR GENERAL BERNARDO O'HIGGINS,COLCHAGUA,EDGARDO FABIAN VARGAS BOLBARAN,REPUBLICANO,8567
REGIÓN DEL MAULE,CAUQUENES,JUAN ANDRES MUÑOZ SAAVEDRA,RN,20340
REGIÓN DEL MAULE,CAUQUENES,FRANCISCO JOSE RUIZ MUÑOZ,REPUBLICANO,5152
REGIÓN DEL MAULE,CURICO,GABY FUENTES YAÑEZ,RN,5204
REGIÓN DEL MAULE,CURICO,ROMAN PAVEZ LOPEZ,IND,9420
REGIÓN DEL MAULE,CURICO,ROBERTO GARCIA PARRA,PDC,8192
REGIÓN DEL MAULE,CURICO,IGOR FERNANDO VILLARREAL GUAJARDO,FA,6950
REGIÓN DEL MAULE,CURICO,MIRTHA SEGURA OVALLE,UDI,13375
REGIÓN DEL MAULE,CURICO,DOMINIQUE SCHLACK SILVA,REPUBLICANO,7414
REGIÓN DEL MAULE,LINARES,CECILIA PARHAM MUCARQUER,RN,12365
REGIÓN DEL MAULE,LINARES,FRANCISCO DURAN RAMIREZ,RN,12503
REGIÓN DEL MAULE,LINARES,PABLO EDUARDO GUTIERREZ PAREJA,IND,9072
REGIÓN DEL MAULE,LINARES,ALAMIRO GARRIDO CACERES,UDI,9105
REGIÓN DEL MAULE,LINARES,ISMAEL FUENTES CASTRO,IND,17263
REGIÓN DEL MAULE,TALCA,PAOLA GUAJARDO OYARCE,RN,10834
REGIÓN DEL MAULE,TALCA,GONZALO MONTERO VIVEROS,RN,12110
REGIÓN DEL MAULE,TALCA,SILVIO JAVIER DEL RIO JIMENEZ,PR,13442
REGIÓN DEL MAULE,TALCA,SERGIO PATRICIO AGUILO MELO,PS,7105
REGIÓN DEL MAULE,TALCA,PATRICIO DOMINGUEZ IBARRA,PDC,8218
REGIÓN DEL MAULE,TALCA,RAPHAEL ZUÑIGA MENDOZA,UDI,5376
REGIÓN DEL MAULE,TALCA,ROSANNA GARCIA CHEVECICH,REPUBLICANO,8098
REGIÓN DE ÑUBLE,DIGUILLIN,GERALDINE ARAVENA GODOY,PSC,3019
REGIÓN DE ÑUBLE,DIGUILLIN,BARBARA HENNIG GODOY,RN,4936
REGIÓN DE ÑUBLE,DIGUILLIN,DANIELA GUZMAN YEVENES,PS,6187
REGIÓN DE ÑUBLE,DIGUILLIN,MARCELO CIFUENTES CIFUENTES,PS,4588
REGIÓN DE ÑUBLE,DIGUILLIN,MARIO ALEXIS URRA ZAMBRANO,IND,7428
REGIÓN DE ÑUBLE,DIGUILLIN,CARLOS CHANDIA BRAVO,UDI,5983
REGIÓN DE ÑUBLE,DIGUILLIN,MARIA ELENA ACUÑA OLIVERA,REPUBLICANO,8663
REGIÓN DE ÑUBLE,DIGUILLIN,CHRISTOPHER CASANOVA GONZALEZ,REPUBLICANO,4144
REGIÓN DE ÑUBLE,ITATA,DALIBOR FRANULIC MUÑOZ,RN,2914
REGIÓN DE ÑUBLE,ITATA,WILSON MARCELO PONCE HERNANDEZ,IND,4252
REGIÓN DE ÑUBLE,ITATA,ITER ALEJANDRO STUARDO MALVERDE,IND,5544
REGIÓN DE ÑUBLE,ITATA,CARLOS HUMBERTO GARRIDO CARCAMO,UDI,2928
REGIÓN DE ÑUBLE,PUNILLA,SERGIO RUIZ AEDO,IND,5612
REGIÓN DE ÑUBLE,PUNILLA,ARNOLDO MANUEL JIMENEZ VENEGAS,IND,7538
REGIÓN DE ÑUBLE,PUNILLA,PABLO JIMENEZ ACUÑA,PS,3896
REGIÓN DE ÑUBLE,PUNILLA,LORENA JARDUA CAMPOS,UDI,8827
REGIÓN DEL BIOBÍO,ARAUCO,LEONIDAS PEÑA HENRIQUEZ,PCCH,16657
REGIÓN DEL BIOBÍO,ARAUCO,CHRISTOPHER GENGNAGEL CARRASCO,RN,8143
REGIÓN DEL BIOBÍO,ARAUCO,CRISTIAN MEDINA CEA,IND,9597
REGIÓN DEL BIOBÍO,ARAUCO,ANGELO MAURICIO MILLAMAN LOPEZ,REPUBLICANO,5013
REGIÓN DEL BIOBÍO,BIOBIO,IGNACIO FICA ESPINOZA,RN,15633
REGIÓN DEL BIOBÍO,BIOBIO,JUAN CARLOS MEDINA MARTINEZ,IND,7271
REGIÓN DEL BIOBÍO,BIOBIO,ROBERTS CORDOVA BUSTOS,IND,8928
REGIÓN DEL BIOBÍO,BIOBIO,JUAN CARLOS ANDRES VILLANUEVA CABAS,PDC,9133
REGIÓN DEL BIOBÍO,BIOBIO,ENRIQUE KRAUSE LOBOS,UDI,15758
REGIÓN DEL BIOBÍO,BIOBIO,MARIA ELENA NUÑEZ RAMIREZ,REPUBLICANO,12190
REGIÓN DEL BIOBÍO,CONCEPCION I,PEDRO SEGUEL MONSALVE,PSC,7677
REGIÓN DEL BIOBÍO,CONCEPCION I,MARCELO ENRIQUE RIVERA ARANCIBIA,IND,15159
REGIÓN DEL BIOBÍO,CONCEPCION I,JAIME PEÑAILILLO GARRIDO,IND,5673
REGIÓN DEL BIOBÍO,CONCEPCION I,LARRY SANDOVAL LARA,UDI,8777
REGIÓN DEL BIOBÍO,CONCEPCION I,LUIS ALBERTO SANTIBAÑEZ BASTIDAS,REPUBLICANO,14840
REGIÓN DEL BIOBÍO,CONCEPCION I,ENZO CRISTOBAL PARRA MOSCOSO,REPUBLICANO,3767
REGIÓN DEL BIOBÍO,CONCEPCION II,YANINA CONTRERAS ALVAREZ,PSC,12727
REGIÓN DEL BIOBÍO,CONCEPCION II,PEDRO VENEGAS CASTRO,PDC,4262
REGIÓN DEL BIOBÍO,CONCEPCION II,ALAN RUBEN BASTIAS URRUTIA,DEMOCRATAS,6834
REGIÓN DEL BIOBÍO,CONCEPCION II,PATRICIO KUHN ARTIGUES,UDI,8063
REGIÓN DEL BIOBÍO,CONCEPCION II,CLAUDIO ENRIQUE LAPOSTOL VARGAS,REPUBLICANO,16020
REGIÓN DEL BIOBÍO,CONCEPCION II,YASNA LORENA JARAMILLO RIQUELME,REPUBLICANO,6158
REGIÓN DEL BIOBÍO,CONCEPCION III,TAMARA ANGELICA CONCHA CABRERA,PCCH,8987
REGIÓN DEL BIOBÍO,CONCEPCION III,ANDRES ARROYO MUÑOZ,PSC,3702
REGIÓN DEL BIOBÍO,CONCEPCION III,ANSELMO PEÑA RODRIGUEZ,RN,11260
REGIÓN DEL BIOBÍO,CONCEPCION III,FRANCISCO JAVIER REYES AGUAYO,PPD,8710
REGIÓN DEL BIOBÍO,CONCEPCION III,GONZALO OSORIO RIOSECO,FA,11648
REGIÓN DEL BIOBÍO,CONCEPCION III,AMERICO MONDACA DAZA,REPUBLICANO,10259
REGIÓN DE LA ARAUCANÍA,CAUTIN I,SARA SUAZO SUAZO,RN,7448
REGIÓN DE LA ARAUCANÍA,CAUTIN I,HANS VAN DER MOLEN MORA,RN,6775
REGIÓN DE LA ARAUCANÍA,CAUTIN I,ANA MARIA SOTO CEA,PPD,8429
REGIÓN DE LA ARAUCANÍA,CAUTIN I,ROBERTO RICARDO PAREDES SANDOVAL,PDC,3436
REGIÓN DE LA ARAUCANÍA,CAUTIN I,PATRICIA ANDREA PAILLAO MILLAN,FA,4152
REGIÓN DE LA ARAUCANÍA,CAUTIN I,VICTOR OSVALDO YAÑEZ ARANCIBIA,REPUBLICANO,7162
REGIÓN DE LA ARAUCANÍA,CAUTIN I,MIGUEL ANGEL CONTRERAS MALDONADO,IND,34218
REGIÓN DE LA ARAUCANÍA,CAUTIN II,EDUARDO HERNANDEZ SCHMIDT,RN,16855
REGIÓN DE LA ARAUCANÍA,CAUTIN II,GILDA MENDOZA VASQUEZ,RN,8309
REGIÓN DE LA ARAUCANÍA,CAUTIN II,MAURICIO EDUARDO DEVAUD MORALES,IND,5703
REGIÓN DE LA ARAUCANÍA,CAUTIN II,CRISTIAN ALEXIS HERRERA GONZALEZ,DEMOCRATAS,6902
REGIÓN DE LA ARAUCANÍA,CAUTIN II,JULIO NELSON MARILEO CALFUQUEO,IND,7731
REGIÓN DE LA ARAUCANÍA,CAUTIN II,RODRIGO PACHECO AGUILERA,UDI,22376
REGIÓN DE LA ARAUCANÍA,CAUTIN II,JOSE LIZAMA DIAZ,UDI,7347
REGIÓN DE LA ARAUCANÍA,CAUTIN II,MARISOL WICKEL NAVARRETE,REPUBLICANO,13396
REGIÓN DE LA ARAUCANÍA,MALLECO,MARITA GUTIERREZ SAAVEDRA,RN,7711
REGIÓN DE LA ARAUCANÍA,MALLECO,ESSIO EDGARDO GUIDOTTI VALLEJOS,PPD,6245
REGIÓN DE LA ARAUCANÍA,MALLECO,MONICA RODRIGUEZ RODRIGUEZ,PDC,12008
REGIÓN DE LA ARAUCANÍA,MALLECO,HUGO ROLANDO MONSALVES CASTILLO,IND,8253
REGIÓN DE LA ARAUCANÍA,MALLECO,NICOLAS ALBERTO DONZE CABEZAS,REPUBLICANO,6823
REGIÓN DE LOS RÍOS,RANCO,CATALINA HOTT SOLIS,PPD,10751
REGIÓN DE LOS RÍOS,RANCO,SARITA EVELYNE JARAMILLO ARISMENDI,PPD,5598
REGIÓN DE LOS RÍOS,RANCO,SEBASTIAN ANDRES GOMEZ PEREZ,PPD,4724
REGIÓN DE LOS RÍOS,RANCO,MARISOL BAHAMONDEZ MILLAR,UDI,4179
REGIÓN DE LOS RÍOS,RANCO,ANE LOBETH CONTRERAS ALVAREZ,REPUBLICANO,3404
REGIÓN DE LOS RÍOS,VALDIVIA,ARIEL MUÑOZ MORALES,RN,7991
REGIÓN DE LOS RÍOS,VALDIVIA,MARIO SCHMEISSER MUÑOZ,RN,4553
REGIÓN DE LOS RÍOS,VALDIVIA,ITALO MARTINEZ CARVALLO,PS,8753
REGIÓN DE LOS RÍOS,VALDIVIA,FELIPE ARMANDO LOPEZ PALMA,PS,6436
REGIÓN DE LOS RÍOS,VALDIVIA,HECTOR MANUEL PACHECO RIVERA,PDC,3923
REGIÓN DE LOS RÍOS,VALDIVIA,CAMILA JOSEFA DARIM MATTAR HAZBUN,FA,5266
REGIÓN DE LOS RÍOS,VALDIVIA,JUAN CARLOS FARIAS SILVA,IND,6421
REGIÓN DE LOS RÍOS,VALDIVIA,JUAN MANUEL TALADRIZ EGUILUZ,EVOPOLI,4706
REGIÓN DE LOS RÍOS,VALDIVIA,SERGIO IVAN VALENZUELA IRIGOYEN,REPUBLICANO,9790
REGIÓN DE LOS LAGOS,CHILOE,FRANCISCO CARCAMO HERNANDEZ,RN,11564
REGIÓN DE LOS LAGOS,CHILOE,JAVIER CABELLO STOM,IND,6515
REGIÓN DE LOS LAGOS,CHILOE,NELSON HUGO AGUILA SERPA,PDC,11717
REGIÓN DE LOS LAGOS,CHILOE,FREDDY GALLARDO PACHECO,IND,8912
REGIÓN DE LOS LAGOS,LLANQUIHUE,TITO GOMEZ MARQUEZ,RN,11050
REGIÓN DE LOS LAGOS,LLANQUIHUE,CESAR NEGRON BARRIA,RN,12961
REGIÓN DE LOS LAGOS,LLANQUIHUE,LUIS BECERRA VARGAS,IND,7599
REGIÓN DE LOS LAGOS,LLANQUIHUE,PATRICIA DEL CARMEN GALLARDO BREUEL,PDC,4650
REGIÓN DE LOS LAGOS,LLANQUIHUE,MARION SUSANA FERNANDEZ LONCON,FA,7206
REGIÓN DE LOS LAGOS,LLANQUIHUE,RODRIGO ARISMENDI VALENZUELA,IND,10641
REGIÓN DE LOS LAGOS,LLANQUIHUE,LUIS ALBERTO HERNANDEZ SOTO,REPUBLICANO,13247
REGIÓN DE LOS LAGOS,LLANQUIHUE,YASNA NICOLE VASQUEZ VIDAL,REPUBLICANO,11037
REGIÓN DE LOS LAGOS,OSORNO,ALEXIS CASANOVA CARDENAS,RN,10882
REGIÓN DE LOS LAGOS,OSORNO,FRANCISCO REYES CASTRO,PS,10428
REGIÓN DE LOS LAGOS,OSORNO,BERNARDO RENE BARRIA ANGULO,PDC,8317
REGIÓN DE LOS LAGOS,OSORNO,CARLOS SCHWALM URZUA,IND,9323
REGIÓN DE LOS LAGOS,OSORNO,AUGUSTO MATIAS EGUILUZ LOYOLA,REPUBLICANO,9643
REGIÓN DE LOS LAGOS,OSORNO,EDUARDO ANDRES PARADA SILVA,REPUBLICANO,4685
REGIÓN DE LOS LAGOS,PALENA,FELIX VARGAS COTIART,RN,1913
REGIÓN DE LOS LAGOS,PALENA,CATALINA BERNARDITA SAAVEDRA GOMEZ,FA,1882
REGIÓN DE AYSÉN DEL GENERAL CARLOS IBÁÑEZ DEL CAMPO,AISEN,XIMENA NOVOA PEREZ,RN,1578
REGIÓN DE AYSÉN DEL GENERAL CARLOS IBÁÑEZ DEL CAMPO,AISEN,JULIO ESTEBAN ROSSEL GONZALEZ,PS,989
REGIÓN DE AYSÉN DEL GENERAL CARLOS IBÁÑEZ DEL CAMPO,AISEN,ROSA LORENA GONZALEZ BORQUEZ,PDC,1076
REGIÓN DE AYSÉN DEL GENERAL CARLOS IBÁÑEZ DEL CAMPO,AISEN,ELIGIO MONTECINOS ARAYA,UDI,1753
REGIÓN DE AYSÉN DEL GENERAL CARLOS IBÁÑEZ DEL CAMPO,CAPITAN PRAT,ANA MARIA MORA ARANEDA,RN,513
REGIÓN DE AYSÉN DEL GENERAL CARLOS IBÁÑEZ DEL CAMPO,CAPITAN PRAT,RODRIGO RIVERA TEJEDA,IND,749
REGIÓN DE AYSÉN DEL GENERAL CARLOS IBÁÑEZ DEL CAMPO,COYHAIQUE,BENJAMIN INFANTE RODRIGUEZ-PEÑA,PCCH,1150
REGIÓN DE AYSÉN DEL GENERAL CARLOS IBÁÑEZ DEL CAMPO,COYHAIQUE,PABLO GUGLIELMI ASENJO,RN,1853
REGIÓN DE AYSÉN DEL GENERAL CARLOS IBÁÑEZ DEL CAMPO,COYHAIQUE,GUSTAVO VILLARROEL PINILLA,PR,1239
REGIÓN DE AYSÉN DEL GENERAL CARLOS IBÁÑEZ DEL CAMPO,COYHAIQUE,MARISOL DEL CARMEN MARTINEZ SANCHEZ,PS,1511
REGIÓN DE AYSÉN DEL GENERAL CARLOS IBÁÑEZ DEL CAMPO,COYHAIQUE,ROCCO ANTONIO MARTINIELLO AVILA,PDC,2321
REGIÓN DE AYSÉN DEL GENERAL CARLOS IBÁÑEZ DEL CAMPO,COYHAIQUE,OMAR MUÑOZ SIERRA,UDI,2604
REGIÓN DE AYSÉN DEL GENERAL CARLOS IBÁÑEZ DEL CAMPO,GENERAL CARRERA,PAULINA HERNANDEZ SANCHEZ,PDC,1237
REGIÓN DE AYSÉN DEL GENERAL CARLOS IBÁÑEZ DEL CAMPO,GENERAL CARRERA,ARCADIO SOTO SERON,UDI,734
REGIÓN DE MAGALLANES Y DE LA ANTÁRTICA CHILENA,ANTARTICA CHILENA,JOSE PAREDES SOTO,RN,234
REGIÓN DE MAGALLANES Y DE LA ANTÁRTICA CHILENA,ANTARTICA CHILENA,HUGO PEREZ SANTANA,PDC,242
REGIÓN DE MAGALLANES Y DE LA ANTÁRTICA CHILENA,MAGALLANES,NANO SOTO MUÑOZ,RN,1281
REGIÓN DE MAGALLANES Y DE LA ANTÁRTICA CHILENA,MAGALLANES,ANTONIO BRADASIC SILLARD,PS,3501
REGIÓN DE MAGALLANES Y DE LA ANTÁRTICA CHILENA,MAGALLANES,JUAN ENRIQUE MORANO CORNEJO,PDC,2816
REGIÓN DE MAGALLANES Y DE LA ANTÁRTICA CHILENA,MAGALLANES,ARTURO ARMANDO DIAZ VALDERRAMA,FA,2623
REGIÓN DE MAGALLANES Y DE LA ANTÁRTICA CHILENA,MAGALLANES,ROXANA GALLARDO CONCHA,IND,4611
REGIÓN DE MAGALLANES Y DE LA ANTÁRTICA CHILENA,MAGALLANES,RODOLFO ESTEBAN ARECHETA BALETA,EVOPOLI,4045
REGIÓN DE MAGALLANES Y DE LA ANTÁRTICA CHILENA,MAGALLANES,ROBERT KURT WEISSOHN HECK,REPUBLICANO,3327
REGIÓN DE MAGALLANES Y DE LA ANTÁRTICA CHILENA,TIERRA DEL FUEGO,RODOLFO MARCELO CARDENAS ALVARADO,PR,1324
REGIÓN DE MAGALLANES Y DE LA ANTÁRTICA CHILENA,TIERRA DEL FUEGO,ANDRES NESTOR FRANCISCO LOPEZ ESPAÑA,PPD,1417
REGIÓN DE MAGALLANES Y DE LA ANTÁRTICA CHILENA,ULTIMA ESPERANZA,MAX SALAS ILLANES,IND,1312
REGIÓN DE MAGALLANES Y DE LA ANTÁRTICA CHILENA,ULTIMA ESPERANZA,PATRICIO GAMIN BUSTAMANTE,PDC,2054
REGIÓN DE MAGALLANES Y DE LA ANTÁRTICA CHILENA,ULTIMA ESPERANZA,XIMENA ELSA MONTAÑA VELASQUEZ,IND,1421
